{"stats":{"minecraft:used":{"minecraft:iron_shovel":1,"minecraft:chest":1,"minecraft:iron_sword":360,"minecraft:rotten_flesh":4,"minecraft:torch":44,"minecraft:dirt":14,"minecraft:wooden_axe":22,"minecraft:bow":8,"minecraft:furnace":1,"minecraft:cooked_mutton":1,"minecraft:stone_pickaxe":44,"minecraft:oak_planks":29,"minecraft:wooden_pickaxe":15,"minecraft:green_bed":1,"minecraft:lime_bed":2,"minecraft:crafting_table":4,"minecraft:apple":1,"minecraft:bread":57,"minecraft:cyan_bed":2,"minecraft:stone_axe":5,"minecraft:diamond_sword":114},"minecraft:killed_by":{"minecraft:player":1,"minecraft:creeper":2,"minecraft:cave_spider":1,"minecraft:skeleton":1,"minecraft:zombie":1},"minecraft:mined":{"minecraft:mossy_cobblestone":2,"minecraft:grass_block":11,"minecraft:spawner":5,"minecraft:hay_block":55,"minecraft:mossy_cobblestone_stairs":1,"minecraft:iron_ore":8,"minecraft:acacia_wood":1,"minecraft:stripped_spruce_log":1,"minecraft:stone":18,"minecraft:white_wool":5,"minecraft:green_bed":1,"minecraft:brown_carpet":1,"minecraft:torch":8,"minecraft:polished_andesite_stairs":4,"minecraft:chest":1,"minecraft:tall_grass":7,"minecraft:cobblestone":8,"minecraft:cyan_bed":1,"minecraft:oak_planks":3,"minecraft:wall_torch":24,"minecraft:cyan_wool":3,"minecraft:lime_bed":2,"minecraft:coarse_dirt":1,"minecraft:birch_log":7,"minecraft:smooth_stone_slab":1,"minecraft:grass":12,"minecraft:oak_log":15,"minecraft:coal_ore":7,"minecraft:zombie_head":1,"minecraft:dirt":12,"minecraft:cobweb":32,"minecraft:polished_andesite":3,"minecraft:oak_leaves":2},"minecraft:killed":{"minecraft:cave_spider":7,"minecraft:skeleton":17,"minecraft:pig":1,"minecraft:iron_golem":1,"minecraft:sheep":1,"minecraft:zombie":73,"minecraft:cow":5},"minecraft:broken":{"minecraft:iron_boots":1,"minecraft:iron_helmet":1},"minecraft:picked_up":{"minecraft:wooden_axe":3,"minecraft:coarse_dirt":1,"minecraft:charcoal":6,"minecraft:crafting_table":1,"minecraft:iron_chestplate":3,"minecraft:diamond_sword":3,"minecraft:wooden_pickaxe":2,"minecraft:oak_stairs":2,"mca:book_rose_gold":2,"minecraft:enchanted_book":4,"minecraft:string":59,"minecraft:smooth_stone_slab":11,"minecraft:iron_leggings":5,"minecraft:iron_shovel":4,"minecraft:zombie_head":1,"minecraft:sea_pickle":2,"minecraft:spruce_planks":4,"minecraft:beef":70,"minecraft:cyan_wool":3,"minecraft:chest":1,"minecraft:iron_boots":4,"minecraft:stick":31,"minecraft:torch":100,"minecraft:green_bed":8,"sophisticatedbackpacks:backpack":6,"extrautilitiesrebirth:redstone_crystal":3,"minecraft:carrot":8,"minecraft:brown_carpet":1,"minecraft:arrow":55,"minecraft:rotten_flesh":135,"minecraft:hay_block":55,"minecraft:mutton":2,"minecraft:cobblestone":53,"minecraft:white_wool":5,"paraglider:paraglider":5,"minecraft:birch_log":7,"minecraft:lime_bed":5,"minecraft:mossy_cobblestone_slab":1,"minecraft:leather":22,"artifacts:thorn_pendant":7,"minecraft:acacia_wood":2,"paraglider:spirit_orb":50,"minecraft:oak_log":16,"minecraft:dirt":62,"minecraft:cooked_mutton":1,"minecraft:bone":36,"minecraft:apple":4,"minecraft:bow":6,"minecraft:wheat_seeds":7,"minecraft:iron_ingot":32,"minecraft:stone_pickaxe":4,"minecraft:iron_ore":14,"minecraft:glass_bottle":1,"minecraft:iron_sword":10,"minecraft:oak_planks":157,"minecraft:polished_andesite_stairs":3,"minecraft:cooked_porkchop":6,"minecraft:dandelion":3,"minecraft:stripped_spruce_log":1,"minecraft:cyan_bed":1,"minecraft:spider_eye":3,"minecraft:mossy_cobblestone":7,"minecraft:polished_andesite":6,"minecraft:slime_ball":4,"minecraft:stone_axe":4,"minecraft:iron_helmet":1,"minecraft:golden_apple":1,"minecraft:mossy_cobblestone_stairs":1,"minecraft:bread":443,"minecraft:oak_sapling":18,"minecraft:coal":29},"minecraft:custom":{"minecraft:mob_kills":104,"minecraft:interact_with_crafting_table":14,"minecraft:bell_ring":2,"minecraft:damage_dealt_resisted":1338,"minecraft:leave_game":1,"minecraft:time_since_death":8715,"minecraft:climb_one_cm":3785,"minecraft:sprint_one_cm":322623,"minecraft:walk_one_cm":288331,"minecraft:drop":19,"minecraft:damage_dealt_absorbed":141,"minecraft:deaths":6,"minecraft:sneak_time":2954,"minecraft:walk_under_water_one_cm":2123,"minecraft:jump":1622,"minecraft:walk_on_water_one_cm":34568,"minecraft:interact_with_furnace":7,"minecraft:play_one_minute":167591,"minecraft:sleep_in_bed":2,"minecraft:waystone_activated":5,"minecraft:time_since_rest":8753,"minecraft:damage_taken":4455,"minecraft:damage_dealt":17458,"minecraft:swim_one_cm":10135,"minecraft:fly_one_cm":333080,"minecraft:open_chest":46,"minecraft:crouch_one_cm":7259,"minecraft:fall_one_cm":37256,"minecraft:inspect_dispenser":1},"minecraft:crafted":{"minecraft:oak_planks":48,"minecraft:furnace":1,"minecraft:cooked_mutton":1,"minecraft:stone_pickaxe":1,"minecraft:chest":1,"minecraft:wheat":495,"paraglider:paraglider":1,"sophisticatedbackpacks:backpack":1,"minecraft:crafting_table":3,"minecraft:spruce_planks":4,"minecraft:wooden_pickaxe":1,"minecraft:cyan_bed":1,"minecraft:iron_sword":1,"minecraft:birch_planks":28,"minecraft:stone_axe":1,"minecraft:bread":168,"minecraft:air":0,"minecraft:charcoal":3,"minecraft:stick":24,"minecraft:wooden_axe":1},"minecraft:dropped":{"minecraft:iron_sword":1,"minecraft:mossy_cobblestone":3,"minecraft:cobblestone":9,"paraglider:spirit_orb":24,"minecraft:polished_andesite":2,"minecraft:stick":8,"minecraft:dirt":9,"minecraft:mossy_cobblestone_slab":1,"minecraft:torch":2,"minecraft:iron_shovel":2,"minecraft:smooth_stone_slab":10,"minecraft:rotten_flesh":2,"minecraft:sea_pickle":2}},"DataVersion":2586}