{"stats":{"minecraft:used":{"minecraft:stone_sword":37,"minecraft:flint_and_steel":1,"minecraft:shield":18,"minecraft:torch":110,"minecraft:dirt":8,"minecraft:obsidian":7,"minecraft:wooden_axe":17,"minecraft:iron_axe":46,"minecraft:stone_bricks":1,"minecraft:furnace":3,"minecraft:acacia_boat":4,"minecraft:water_bucket":6,"minecraft:diorite":2,"minecraft:stone_pickaxe":94,"minecraft:oak_planks":10,"minecraft:wooden_pickaxe":22,"minecraft:diamond_axe":126,"minecraft:sand":3,"minecraft:crafting_table":5,"minecraft:white_bed":2,"minecraft:diamond_pickaxe":262,"minecraft:bread":42,"minecraft:iron_pickaxe":215,"minecraft:gravel":1,"minecraft:stone_axe":54,"minecraft:cobblestone":16,"aquaculture:stone_fillet_knife":8,"minecraft:bucket":7},"minecraft:killed_by":{"minecraft:pillager":1,"minecraft:zombie":2},"minecraft:killed":{"minecraft:cave_spider":12,"minecraft:spider":7,"aquaculture:muskellunge":1,"minecraft:skeleton":8,"minecraft:chicken":3,"artifacts:mimic":1,"minecraft:piglin":1,"minecraft:sheep":3,"minecraft:zombie":7,"minecraft:enderman":1,"minecraft:cow":7},"minecraft:mined":{"minecraft:diamond_ore":8,"minecraft:brewing_stand":1,"minecraft:obsidian":14,"minecraft:granite":15,"minecraft:acacia_log":6,"minecraft:grass_block":9,"minecraft:kelp":5,"minecraft:spawner":2,"minecraft:hay_block":58,"minecraft:redstone_ore":17,"minecraft:furnace":4,"minecraft:iron_ore":110,"minecraft:andesite":11,"morevillagers:hunting_post":1,"minecraft:bookshelf":8,"minecraft:vine":8,"minecraft:stone":224,"minecraft:green_bed":1,"minecraft:kelp_plant":1,"minecraft:crafting_table":5,"minecraft:oak_fence":1,"minecraft:tall_grass":6,"minecraft:cobblestone":24,"minecraft:oak_planks":35,"minecraft:lapis_ore":18,"minecraft:sugar_cane":3,"minecraft:diorite":17,"minecraft:lime_bed":1,"minecraft:grass":17,"minecraft:coal_ore":59,"minecraft:oak_log":22,"minecraft:sand":7,"minecraft:gravel":10,"minecraft:dirt":9,"minecraft:cobweb":28,"minecraft:cracked_stone_bricks":1,"minecraft:stone_bricks":6,"minecraft:mossy_stone_bricks":1,"minecraft:gold_ore":35,"minecraft:oak_leaves":7,"paraglider:goddess_statue":1},"minecraft:picked_up":{"minecraft:crafting_table":6,"minecraft:chicken":3,"minecraft:leather_leggings":1,"minecraft:brewing_stand":1,"paraglider:goddess_statue":1,"minecraft:string":65,"minecraft:cracked_stone_bricks":1,"minecraft:beef":16,"minecraft:minecart":4,"minecraft:sugar_cane":9,"minecraft:furnace":4,"minecraft:oak_fence":5,"minecraft:acacia_log":6,"minecraft:diorite":17,"morevillagers:hunting_post":1,"minecraft:redstone":77,"minecraft:tnt":3,"minecraft:arrow":11,"minecraft:rotten_flesh":9,"minecraft:hay_block":58,"minecraft:mutton":5,"minecraft:obsidian":13,"minecraft:white_wool":3,"minecraft:cobblestone":113,"minecraft:rail":2,"minecraft:feather":4,"minecraft:andesite":10,"minecraft:leather":7,"paraglider:spirit_orb":4,"minecraft:flint":2,"minecraft:oak_log":21,"artifacts:flame_pendant":1,"minecraft:gunpowder":34,"minecraft:acacia_boat":4,"minecraft:lapis_lazuli":102,"minecraft:dirt":18,"minecraft:bone":8,"minecraft:stone_bricks":5,"minecraft:bow":1,"minecraft:wheat_seeds":2,"minecraft:iron_ingot":10,"minecraft:iron_ore":108,"minecraft:mossy_stone_bricks":3,"minecraft:acacia_sapling":1,"minecraft:oak_planks":68,"minecraft:book":24,"minecraft:gravel":11,"minecraft:sand":7,"aquaculture:stone_fillet_knife":1,"minecraft:ink_sac":2,"minecraft:gold_ore":26,"minecraft:spider_eye":6,"minecraft:diamond":11,"minecraft:granite":14,"minecraft:coal":108},"minecraft:custom":{"minecraft:mob_kills":52,"minecraft:interact_with_crafting_table":37,"minecraft:open_barrel":10,"minecraft:leave_game":4,"minecraft:time_since_death":518,"minecraft:climb_one_cm":12372,"minecraft:sprint_one_cm":264740,"minecraft:walk_one_cm":250783,"minecraft:drop":18,"minecraft:talked_to_villager":1,"minecraft:deaths":3,"minecraft:sneak_time":11332,"minecraft:walk_under_water_one_cm":30444,"minecraft:boat_one_cm":168720,"minecraft:jump":1768,"minecraft:walk_on_water_one_cm":84668,"minecraft:interact_with_furnace":30,"minecraft:play_one_minute":161764,"minecraft:sleep_in_bed":1,"minecraft:time_since_rest":1568,"minecraft:damage_taken":2762,"minecraft:trigger_trapped_chest":1,"minecraft:damage_dealt":7731,"minecraft:swim_one_cm":117130,"minecraft:fly_one_cm":368380,"minecraft:open_chest":7,"minecraft:crouch_one_cm":29574,"minecraft:fall_one_cm":34569},"minecraft:dropped":{"minecraft:wheat_seeds":2,"minecraft:minecart":2,"minecraft:granite":2,"minecraft:cracked_stone_bricks":1,"minecraft:rail":2,"minecraft:dirt":1,"minecraft:diorite":1,"minecraft:ink_sac":2,"minecraft:stone_axe":1,"aquaculture:stone_fillet_knife":2,"minecraft:oak_button":1,"minecraft:andesite":1,"minecraft:spider_eye":3,"minecraft:stone_bricks":3,"minecraft:wooden_pickaxe":1},"minecraft:crafted":{"minecraft:oak_planks":60,"minecraft:furnace":3,"sophisticatedbackpacks:crafting_upgrade":1,"minecraft:flint_and_steel":1,"sophisticatedbackpacks:smelting_upgrade":1,"minecraft:iron_boots":1,"minecraft:iron_axe":1,"minecraft:stone_pickaxe":2,"minecraft:chest":2,"minecraft:diamond_boots":1,"minecraft:oak_button":1,"minecraft:wheat":495,"sophisticatedbackpacks:iron_backpack":1,"sophisticatedbackpacks:backpack":1,"minecraft:diamond_axe":1,"minecraft:crafting_table":2,"minecraft:wooden_pickaxe":2,"minecraft:iron_helmet":1,"sophisticatedbackpacks:gold_backpack":2,"minecraft:bucket":1,"minecraft:stone_axe":2,"sophisticatedbackpacks:upgrade_base":2,"minecraft:acacia_boat":1,"minecraft:bread":165,"minecraft:air":0,"minecraft:blue_dye":1,"minecraft:white_wool":3,"minecraft:iron_chestplate":1,"minecraft:diamond_pickaxe":1,"minecraft:shield":1,"minecraft:stick":56,"minecraft:iron_ingot":29,"minecraft:iron_pickaxe":1,"aquaculture:stone_fillet_knife":1,"minecraft:wooden_axe":1,"minecraft:stone_sword":1,"minecraft:gold_ingot":8,"minecraft:white_bed":2,"minecraft:acacia_planks":24,"minecraft:torch":120}},"DataVersion":2586}