{"stats":{"minecraft:used":{"minecraft:iron_shovel":207,"securitycraft:keypad_chest":3,"minecraft:spruce_planks":3,"minecraft:chest":2,"minecraft:iron_sword":218,"minecraft:rotten_flesh":13,"paraglider:goddess_statue":1,"minecraft:torch":40,"minecraft:dirt":132,"minecraft:skeleton_spawn_egg":1,"securitycraft:keypad_item":1,"minecraft:carrot":2,"minecraft:cyan_wool":16,"minecraft:spruce_boat":1,"minecraft:lantern":3,"minecraft:iron_axe":173,"minecraft:grass_block":17,"minecraft:panda_spawn_egg":3,"minecraft:barrel":6,"minecraft:bow":10,"minecraft:furnace":5,"minecraft:cooked_beef":12,"minecraft:enchanted_golden_apple":1,"minecraft:brown_bed":4,"minecraft:end_rod":3,"minecraft:damaged_anvil":1,"minecraft:iron_ore":3,"minecraft:cobblestone_stairs":1,"minecraft:polished_andesite":1,"minecraft:oak_planks":14,"minecraft:sandstone":1,"minecraft:white_wool":11,"minecraft:golden_apple":10,"minecraft:mossy_cobblestone":1,"minecraft:sand":1,"minecraft:crafting_table":8,"minecraft:blast_furnace":1,"minecraft:crossbow":2,"minecraft:polar_bear_spawn_egg":2,"minecraft:spruce_log":2,"minecraft:smoker":1,"minecraft:oak_log":1,"minecraft:apple":16,"minecraft:bread":52,"minecraft:iron_pickaxe":322,"minecraft:jungle_stairs":1,"minecraft:spruce_sapling":3,"minecraft:diamond_sword":277,"minecraft:potion":8,"minecraft:cobblestone":82,"minecraft:gray_wool":1,"minecraft:bone_meal":9,"minecraft:experience_bottle":14},"minecraft:killed_by":{"minecraft:skeleton":2,"minecraft:zombie":2},"minecraft:killed":{"minecraft:cave_spider":4,"minecraft:spider":6,"minecraft:horse":2,"minecraft:skeleton":21,"minecraft:chicken":1,"minecraft:pig":4,"minecraft:rabbit":1,"minecraft:bat":1,"minecraft:creeper":3,"minecraft:sheep":5,"minecraft:pillager":26,"minecraft:zombie":49,"minecraft:cow":16},"minecraft:mined":{"minecraft:stone_pressure_plate":2,"minecraft:mossy_cobblestone":4,"minecraft:cobblestone_stairs":1,"minecraft:brewing_stand":1,"minecraft:grass_block":142,"minecraft:spruce_leaves":16,"minecraft:sandstone":2,"minecraft:spawner":14,"minecraft:hay_block":26,"minecraft:mossy_cobblestone_slab":1,"minecraft:furnace":3,"minecraft:iron_ore":22,"minecraft:fire":3,"minecraft:barrel":4,"minecraft:brown_bed":4,"minecraft:lantern":6,"minecraft:stone":142,"minecraft:white_wool":13,"minecraft:oak_slab":3,"minecraft:glass_pane":1,"minecraft:smoker":1,"minecraft:oak_fence":15,"minecraft:crafting_table":6,"minecraft:torch":5,"minecraft:blast_furnace":1,"minecraft:tall_grass":18,"minecraft:cobblestone":53,"minecraft:damaged_anvil":1,"minecraft:oak_planks":4,"minecraft:wall_torch":1,"minecraft:cyan_wool":16,"minecraft:gray_wool":1,"minecraft:sea_pickle":3,"minecraft:spruce_log":24,"minecraft:grass_path":11,"minecraft:smooth_stone_slab":3,"minecraft:grass":45,"minecraft:oak_log":93,"minecraft:coal_ore":23,"create:gabbro":21,"minecraft:oak_fence_gate":3,"minecraft:end_rod":4,"minecraft:zombie_head":1,"minecraft:sand":61,"minecraft:dirt":6,"minecraft:cobweb":63,"minecraft:polished_andesite":1,"minecraft:gold_ore":8,"minecraft:oak_leaves":20},"minecraft:broken":{"minecraft:iron_boots":1},"minecraft:picked_up":{"minecraft:charcoal":38,"minecraft:crafting_table":6,"minecraft:iron_chestplate":1,"minecraft:wheat":2,"minecraft:chicken":6,"minecraft:leather_leggings":3,"minecraft:diamond_sword":8,"minecraft:brown_bed":5,"minecraft:enchanted_book":22,"minecraft:brewing_stand":1,"minecraft:string":103,"minecraft:iron_axe":4,"minecraft:smooth_stone_slab":22,"artifacts:feral_claws":1,"minecraft:experience_bottle":11,"minecraft:iron_shovel":4,"minecraft:zombie_head":5,"minecraft:sea_pickle":18,"minecraft:spruce_planks":82,"minecraft:beef":85,"minecraft:cyan_wool":24,"minecraft:iron_nugget":19,"minecraft:iron_pickaxe":6,"minecraft:furnace":5,"minecraft:iron_boots":1,"minecraft:egg":10,"minecraft:stick":44,"minecraft:sandstone":2,"minecraft:oak_fence":15,"minecraft:torch":10,"minecraft:porkchop":12,"minecraft:stone_pressure_plate":1,"minecraft:arrow":44,"minecraft:rotten_flesh":161,"minecraft:hay_block":30,"minecraft:end_rod":5,"minecraft:gold_ingot":3,"minecraft:mutton":7,"minecraft:white_wool":50,"minecraft:cobblestone":224,"minecraft:mossy_cobblestone_slab":5,"minecraft:feather":14,"minecraft:cooked_beef":3,"aquaculture:tuna":1,"minecraft:leather":56,"minecraft:smoker":1,"minecraft:filled_map":2,"paraglider:spirit_orb":129,"minecraft:oak_log":93,"minecraft:gunpowder":3,"minecraft:cobblestone_stairs":1,"mca:book_romance":2,"minecraft:dirt":185,"minecraft:lantern":12,"minecraft:name_tag":6,"minecraft:cooked_mutton":3,"minecraft:bone":81,"minecraft:apple":6,"minecraft:bow":5,"minecraft:wheat_seeds":6,"minecraft:rabbit_hide":1,"minecraft:iron_ingot":91,"minecraft:oak_fence_gate":3,"minecraft:iron_ore":32,"artifacts:steadfast_spikes":1,"minecraft:glass_bottle":1,"minecraft:iron_sword":8,"minecraft:oak_planks":356,"aquaculture:atlantic_herring":1,"minecraft:book":1,"minecraft:polished_andesite_stairs":2,"minecraft:oak_slab":3,"minecraft:sand":61,"minecraft:spruce_sapling":3,"minecraft:blast_furnace":1,"minecraft:grass_block":4,"minecraft:spruce_log":27,"minecraft:gold_ore":8,"minecraft:spider_eye":3,"minecraft:barrel":4,"minecraft:mossy_cobblestone":7,"minecraft:polished_andesite":2,"minecraft:stone_axe":2,"minecraft:iron_helmet":5,"minecraft:crossbow":4,"minecraft:golden_apple":3,"minecraft:gray_wool":1,"minecraft:emerald":7,"minecraft:bread":110,"minecraft:oak_sapling":9,"minecraft:damaged_anvil":2,"minecraft:coal":172},"minecraft:custom":{"minecraft:interact_with_anvil":1,"minecraft:mob_kills":156,"minecraft:interact_with_crafting_table":30,"minecraft:open_barrel":76,"minecraft:bell_ring":2,"minecraft:damage_dealt_resisted":243,"minecraft:leave_game":6,"minecraft:time_since_death":9400,"minecraft:climb_one_cm":1666,"minecraft:damage_resisted":118,"minecraft:sprint_one_cm":644825,"minecraft:walk_one_cm":423040,"minecraft:drop":37,"minecraft:deaths":6,"minecraft:sneak_time":14977,"minecraft:walk_under_water_one_cm":7394,"minecraft:boat_one_cm":16022,"minecraft:jump":4793,"minecraft:interact_with_blast_furnace":11,"minecraft:walk_on_water_one_cm":25211,"minecraft:interact_with_furnace":24,"minecraft:play_one_minute":292559,"minecraft:raid_trigger":1,"minecraft:sleep_in_bed":7,"minecraft:waystone_activated":5,"minecraft:time_since_rest":9460,"minecraft:damage_taken":6382,"minecraft:damage_absorbed":440,"minecraft:damage_dealt":24812,"minecraft:player_kills":1,"minecraft:swim_one_cm":44326,"minecraft:fly_one_cm":1568275,"minecraft:crouch_one_cm":52965,"minecraft:open_chest":76,"minecraft:interact_with_smoker":2,"minecraft:fall_one_cm":123373,"minecraft:inspect_dispenser":1},"minecraft:crafted":{"minecraft:oak_planks":368,"minecraft:furnace":2,"minecraft:stone_button":19,"minecraft:stone":19,"minecraft:bone_meal":9,"securitycraft:keypad_item":1,"minecraft:heavy_weighted_pressure_plate":1,"minecraft:iron_boots":1,"minecraft:iron_axe":1,"minecraft:chest":3,"minecraft:spruce_boat":1,"sophisticatedbackpacks:iron_backpack":2,"minecraft:wheat":63,"minecraft:cooked_beef":19,"sophisticatedbackpacks:backpack":2,"minecraft:crafting_table":3,"minecraft:spruce_planks":88,"minecraft:iron_sword":1,"sophisticatedbackpacks:gold_backpack":2,"minecraft:bread":21,"minecraft:air":0,"minecraft:iron_chestplate":1,"minecraft:stick":8,"minecraft:iron_ingot":19,"minecraft:iron_shovel":1,"minecraft:iron_leggings":1,"minecraft:gold_ingot":7,"minecraft:torch":40},"minecraft:dropped":{"minecraft:enchanted_book":1,"minecraft:iron_sword":1,"minecraft:wheat_seeds":1,"minecraft:mossy_cobblestone":3,"minecraft:glass_bottle":2,"minecraft:crossbow":2,"minecraft:feather":4,"minecraft:iron_helmet":1,"minecraft:cobblestone":9,"minecraft:leather":6,"paraglider:spirit_orb":6,"artifacts:thorn_pendant":1,"minecraft:mossy_cobblestone_slab":1,"minecraft:rose_bush":1,"minecraft:string":6,"minecraft:stone_axe":1,"minecraft:smooth_stone_slab":5,"minecraft:wheat":16,"minecraft:rotten_flesh":4,"minecraft:diamond_sword":2,"minecraft:spruce_planks":3,"minecraft:iron_chestplate":1,"minecraft:leather_leggings":3,"minecraft:spider_eye":1}},"DataVersion":2586}